{"cameraMode":{"drawMode":0,"name":"Shaded","section":"Shading Mode"},"sceneLighting":true,"audioPlay":false,"sceneViewState":{"showFog":true,"showMaterialUpdate":false,"showSkybox":true,"showFlares":true,"showImageEffects":true,"showParticleSystems":true},"in2DMode":false,"pivot":{"x":4.841974258422852,"y":8.330519676208496,"z":-13.455865859985352},"rotation":{"x":-0.10945183783769608,"y":0.04977470263838768,"z":-0.0054853991605341438,"w":-0.9927347302436829},"size":3.7038023471832277,"orthographic":false}